tct_transId,tct_lot_id,tct_lot_no,tct_agent_id,tct_paid_amount,tct_due_status,tct_paydate
3862,2,9208,1,1000,1,2023-07-06 00:00:00.000
3863,2,9209,1,1000,1,2023-07-08 00:00:00.000
3864,2,9210,1,1000,1,2023-07-06 00:00:00.000
3865,2,9211,1,1000,1,2023-07-06 00:00:00.000
3866,2,9212,1,1000,1,2023-07-06 00:00:00.000
3867,2,9213,1,1000,1,2023-07-06 00:00:00.000
3868,2,9214,1,1000,1,2023-07-06 00:00:00.000
3869,2,9215,1,1000,1,2023-07-06 00:00:00.000
3870,2,9216,1,1000,1,2023-07-06 00:00:00.000
3871,2,9217,1,1000,1,2023-07-06 00:00:00.000
3872,2,9218,1,1000,1,2023-07-06 00:00:00.000
3873,2,9219,1,1000,1,2023-07-06 00:00:00.000
3874,2,9220,1,1000,1,2023-07-06 00:00:00.000
3875,2,9221,1,1000,1,2023-07-06 00:00:00.000
3876,2,9222,1,1000,1,2023-07-06 00:00:00.000
3877,2,9223,1,1000,1,2023-07-06 00:00:00.000
3878,2,9224,1,1000,1,2023-07-06 00:00:00.000
3879,2,9225,1,1000,1,2023-07-06 00:00:00.000
3880,2,9226,1,1000,1,2023-07-06 00:00:00.000
3881,2,9227,1,1000,1,2023-07-06 00:00:00.000
3882,2,9228,1,1000,1,2023-07-06 00:00:00.000
3883,2,9229,1,1000,1,2023-07-06 00:00:00.000
3884,2,9230,1,1000,1,2023-07-06 00:00:00.000
3885,2,9231,1,1000,1,2023-07-06 00:00:00.000
3886,2,9232,1,1000,1,2023-07-06 00:00:00.000
3887,2,9233,1,1000,1,2023-07-06 00:00:00.000
3888,2,9234,1,1000,1,2023-07-06 00:00:00.000
3889,2,9235,1,1000,1,2023-07-06 00:00:00.000
3890,2,9236,1,1000,1,2023-07-06 00:00:00.000
3891,2,9237,1,1000,1,2023-07-06 00:00:00.000
3892,2,9238,1,1000,1,2023-07-06 00:00:00.000
3893,2,9239,1,1000,1,2023-07-06 00:00:00.000
3894,2,9240,1,1000,1,2023-07-06 00:00:00.000
3895,2,9241,1,1000,1,2023-07-06 00:00:00.000
3896,2,9242,1,1000,1,2023-07-06 00:00:00.000
3897,2,9243,1,1000,1,2023-07-06 00:00:00.000
3898,2,9244,1,1000,1,2023-07-06 00:00:00.000
3899,2,9245,1,1000,1,2023-07-06 00:00:00.000
3900,2,9246,1,1000,1,2023-07-06 00:00:00.000
3901,2,9247,1,1000,1,2023-07-06 00:00:00.000
3902,2,9248,1,1000,1,2023-07-06 00:00:00.000
3903,2,9249,1,1000,1,2023-07-06 00:00:00.000
3904,2,9250,1,1000,1,2023-07-06 00:00:00.000
3905,2,9251,1,1000,1,2023-07-06 00:00:00.000
3906,2,9252,1,1000,1,2023-07-06 00:00:00.000
3907,2,9253,1,1000,1,2023-07-06 00:00:00.000
3908,2,9254,1,1000,1,2023-07-06 00:00:00.000
3909,2,9255,1,1000,1,2023-07-06 00:00:00.000
3910,2,9256,1,1000,1,2023-07-06 00:00:00.000
3911,2,9257,1,1000,1,2023-07-06 00:00:00.000
3912,2,9258,1,1000,1,2023-07-06 00:00:00.000
3913,2,9259,1,1000,1,2023-07-06 00:00:00.000
3914,2,9260,1,1000,1,2023-07-06 00:00:00.000
3915,2,9261,1,1000,1,2023-07-06 00:00:00.000
3916,2,9262,1,1000,1,2023-07-06 00:00:00.000
3917,2,9263,1,1000,1,2023-07-06 00:00:00.000
3918,2,9264,1,1000,1,2023-07-06 00:00:00.000
3919,2,9265,1,1000,1,2023-07-06 00:00:00.000
3920,2,9266,1,1000,1,2023-07-06 00:00:00.000
3921,2,9267,1,1000,1,2023-07-06 00:00:00.000
3922,2,9268,1,1000,1,2023-07-06 00:00:00.000
3923,2,9269,1,1000,1,2023-07-06 00:00:00.000
3924,2,9270,1,1000,1,2023-07-06 00:00:00.000
3925,2,9271,1,1000,1,2023-07-06 00:00:00.000
3926,2,9272,1,1000,1,2023-07-06 00:00:00.000
3927,2,9273,1,1000,1,2023-07-06 00:00:00.000
3928,2,9274,1,1000,1,2023-07-06 00:00:00.000
3929,2,9275,1,1000,1,2023-07-06 00:00:00.000
3930,2,9276,1,1000,1,2023-07-06 00:00:00.000
3931,2,9277,1,1000,1,2023-07-06 00:00:00.000
3932,2,9278,1,1000,1,2023-07-06 00:00:00.000
3933,2,9279,1,1000,1,2023-07-06 00:00:00.000
3934,2,9280,1,1000,1,2023-07-06 00:00:00.000
3935,2,9281,1,1000,1,2023-07-06 00:00:00.000
3936,2,9282,1,1000,1,2023-07-06 00:00:00.000
3937,2,9283,1,1000,1,2023-07-06 00:00:00.000
3938,2,9284,1,1000,1,2023-07-06 00:00:00.000
3939,2,9285,1,1000,1,2023-07-06 00:00:00.000
3940,2,9286,1,1000,1,2023-07-06 00:00:00.000
3941,2,9287,1,1000,1,2023-07-06 00:00:00.000
3942,2,9288,1,1000,1,2023-07-06 00:00:00.000
3943,2,9289,1,1000,1,2023-07-06 00:00:00.000
3944,2,9290,1,1000,1,2023-07-06 00:00:00.000
3945,2,9291,1,1000,1,2023-07-06 00:00:00.000
3946,2,9292,1,1000,1,2023-07-06 00:00:00.000
3947,2,9293,1,1000,1,2023-07-06 00:00:00.000
3948,2,9294,1,1000,1,2023-07-06 00:00:00.000
3949,2,9295,1,1000,1,2023-07-06 00:00:00.000
3950,2,9296,1,1000,1,2023-07-06 00:00:00.000
3951,2,9297,1,1000,1,2023-07-06 00:00:00.000
3952,2,9298,1,1000,1,2023-07-06 00:00:00.000
3953,2,9299,1,1000,1,2023-07-06 00:00:00.000
3954,2,9300,1,1000,1,2023-07-06 00:00:00.000
3955,2,9301,1,1000,1,2023-07-06 00:00:00.000
3956,2,9302,1,1000,1,2023-07-06 00:00:00.000
3957,2,9303,1,1000,1,2023-07-06 00:00:00.000
3958,2,9304,1,1000,1,2023-07-06 00:00:00.000
3959,2,9305,1,1000,1,2023-07-06 00:00:00.000
3960,2,9306,1,1000,1,2023-07-08 00:00:00.000
3961,2,9307,1,1000,1,2023-07-08 00:00:00.000
3962,2,9308,1,1000,1,2023-07-08 00:00:00.000
3963,2,9309,1,1000,1,2023-07-08 00:00:00.000
3964,2,9310,1,1000,1,2023-07-08 00:00:00.000
3965,2,9311,1,1000,1,2023-07-08 00:00:00.000
3966,2,9312,NULL,0,0,NULL
3967,2,9313,NULL,0,0,NULL
3968,2,9314,NULL,0,0,NULL
3969,2,9315,NULL,0,0,NULL
3970,2,9316,NULL,0,0,NULL
3971,2,9317,1,1000,1,2023-07-08 00:00:00.000
3972,2,9318,NULL,0,0,NULL
3973,2,9319,1,1000,1,2023-07-08 00:00:00.000
3974,2,9320,NULL,0,0,NULL
3975,2,9321,NULL,0,0,NULL
3976,2,9322,NULL,0,0,NULL
3977,2,9323,NULL,0,0,NULL
3978,2,9324,NULL,0,0,NULL
3979,2,9325,NULL,0,0,NULL
3980,2,9326,NULL,0,0,NULL
3981,2,9327,NULL,0,0,NULL
3982,2,9328,NULL,0,0,NULL
3983,2,9329,NULL,0,0,NULL
3984,2,9330,NULL,0,0,NULL
3985,2,9331,NULL,0,0,NULL
3986,2,9332,NULL,0,0,NULL
3987,2,9333,NULL,0,0,NULL
3988,2,9334,NULL,0,0,NULL
3989,2,9335,NULL,0,0,NULL
3990,2,9336,NULL,0,0,NULL
3991,2,9337,NULL,0,0,NULL
3992,2,9338,NULL,0,0,NULL
3993,2,9339,NULL,0,0,NULL
3994,2,9340,NULL,0,0,NULL
3995,2,9341,NULL,0,0,NULL
3996,2,9342,NULL,0,0,NULL
3997,2,9343,NULL,0,0,NULL
3998,2,9344,NULL,0,0,NULL
3999,2,9345,NULL,0,0,NULL
4000,2,9346,NULL,0,0,NULL
4001,2,9347,NULL,0,0,NULL
4002,2,9348,NULL,0,0,NULL
4003,2,9349,NULL,0,0,NULL
4004,2,9350,NULL,0,0,NULL
4005,2,9351,NULL,0,0,NULL
4006,2,9352,NULL,0,0,NULL
4007,2,9353,NULL,0,0,NULL
4008,2,9354,NULL,0,0,NULL
4009,2,9355,NULL,0,0,NULL
4010,2,9356,NULL,0,0,NULL
4011,2,9357,NULL,0,0,NULL
4012,2,9358,NULL,0,0,NULL
4013,2,9359,NULL,0,0,NULL
4014,2,9360,NULL,0,0,NULL
4015,2,9361,NULL,0,0,NULL
4016,2,9362,NULL,0,0,NULL
4017,2,9363,NULL,0,0,NULL
4018,2,9364,NULL,0,0,NULL
4019,2,9365,NULL,0,0,NULL
4020,2,9366,NULL,0,0,NULL
4021,2,9367,NULL,0,0,NULL
4022,2,9368,NULL,0,0,NULL
4023,2,9369,NULL,0,0,NULL
4024,2,9370,NULL,0,0,NULL
4025,2,9371,NULL,0,0,NULL
4026,2,9372,NULL,0,0,NULL
4027,2,9373,NULL,0,0,NULL
4028,2,9374,NULL,0,0,NULL
4029,2,9375,NULL,0,0,NULL
4030,2,9376,NULL,0,0,NULL
4031,2,9377,NULL,0,0,NULL
4032,2,9378,NULL,0,0,NULL
4033,2,9379,NULL,0,0,NULL
4034,2,9380,NULL,0,0,NULL
4035,2,9381,NULL,0,0,NULL
4036,2,9382,NULL,0,0,NULL
4037,2,9383,NULL,0,0,NULL
4038,2,9384,NULL,0,0,NULL
4039,2,9385,NULL,0,0,NULL
4040,2,9386,NULL,0,0,NULL
4041,2,9387,NULL,0,0,NULL
4042,2,9388,NULL,0,0,NULL
4043,2,9389,NULL,0,0,NULL
4044,2,9390,NULL,0,0,NULL
4045,2,9391,NULL,0,0,NULL
4046,2,9392,NULL,0,0,NULL
4047,2,9393,NULL,0,0,NULL
4048,2,9394,NULL,0,0,NULL
4049,2,9395,NULL,0,0,NULL
4050,2,9396,NULL,0,0,NULL
4051,2,9397,NULL,0,0,NULL
4052,2,9398,NULL,0,0,NULL
4053,2,9399,NULL,0,0,NULL
4054,2,9400,NULL,0,0,NULL
4055,2,9401,NULL,0,0,NULL
4056,2,9402,NULL,0,0,NULL
4057,2,9403,NULL,0,0,NULL
4058,2,9404,NULL,0,0,NULL
4059,2,9405,NULL,0,0,NULL
4060,2,9406,NULL,0,0,NULL
4061,2,9407,NULL,0,0,NULL
4062,2,9408,NULL,0,0,NULL
4063,3,9001,1,1000,1,2023-07-06 00:00:00.000
4064,3,9002,NULL,0,0,NULL
4065,3,9003,NULL,0,0,NULL
4066,3,9004,NULL,0,0,NULL
4067,3,9005,NULL,0,0,NULL
4068,3,9006,NULL,0,0,NULL
4069,3,9007,NULL,0,0,NULL
4070,3,9008,NULL,0,0,NULL
4071,3,9009,NULL,0,0,NULL
4072,3,9011,NULL,0,0,NULL
4073,3,9012,NULL,0,0,NULL
4074,3,9013,NULL,0,0,NULL
4075,3,9014,NULL,0,0,NULL
4076,3,9015,NULL,0,0,NULL
4077,3,9016,NULL,0,0,NULL
4078,3,9017,NULL,0,0,NULL
4079,3,9018,NULL,0,0,NULL
4080,3,9019,NULL,0,0,NULL
4081,3,9020,NULL,0,0,NULL
4082,3,9021,NULL,0,0,NULL
4083,3,9022,NULL,0,0,NULL
4084,3,9023,NULL,0,0,NULL
4085,3,9024,NULL,0,0,NULL
4086,3,9025,NULL,0,0,NULL
4087,3,9026,NULL,0,0,NULL
4088,3,9027,NULL,0,0,NULL
4089,3,9028,NULL,0,0,NULL
4090,3,9029,NULL,0,0,NULL
4091,3,9030,NULL,0,0,NULL
4092,3,9031,NULL,0,0,NULL
4093,3,9032,NULL,0,0,NULL
4094,3,9033,NULL,0,0,NULL
4095,3,9034,NULL,0,0,NULL
4096,3,9035,NULL,0,0,NULL
4097,3,9036,NULL,0,0,NULL
4098,3,9037,NULL,0,0,NULL
4099,3,9038,NULL,0,0,NULL
4100,3,9039,NULL,0,0,NULL
4101,3,9040,NULL,0,0,NULL
4102,3,9041,NULL,0,0,NULL
4103,3,9042,NULL,0,0,NULL
4104,3,9043,NULL,0,0,NULL
4105,3,9044,NULL,0,0,NULL
4106,3,9045,NULL,0,0,NULL
4107,3,9046,NULL,0,0,NULL
4108,3,9047,NULL,0,0,NULL
4109,3,9048,NULL,0,0,NULL
4110,3,9049,NULL,0,0,NULL
4111,3,9050,NULL,0,0,NULL
4112,3,9051,NULL,0,0,NULL
4113,3,9052,NULL,0,0,NULL
4114,3,9053,NULL,0,0,NULL
4115,3,9054,NULL,0,0,NULL
4116,3,9055,NULL,0,0,NULL
4117,3,9056,NULL,0,0,NULL
4118,3,9057,NULL,0,0,NULL
4119,3,9058,NULL,0,0,NULL
4120,3,9059,NULL,0,0,NULL
4121,3,9060,NULL,0,0,NULL
4122,3,9061,NULL,0,0,NULL
4123,3,9062,NULL,0,0,NULL
4124,3,9063,NULL,0,0,NULL
4125,3,9064,NULL,0,0,NULL
4126,3,9065,NULL,0,0,NULL
4127,3,9066,NULL,0,0,NULL
4128,3,9067,NULL,0,0,NULL
4129,3,9068,NULL,0,0,NULL
4130,3,9069,NULL,0,0,NULL
4131,3,9070,NULL,0,0,NULL
4132,3,9071,NULL,0,0,NULL
4133,3,9072,NULL,0,0,NULL
4134,3,9073,NULL,0,0,NULL
4135,3,9074,NULL,0,0,NULL
4136,3,9075,NULL,0,0,NULL
4137,3,9076,NULL,0,0,NULL
4138,3,9077,NULL,0,0,NULL
4139,3,9078,NULL,0,0,NULL
4140,3,9079,NULL,0,0,NULL
4141,3,9080,NULL,0,0,NULL
4142,3,9081,NULL,0,0,NULL
4143,3,9082,NULL,0,0,NULL
4144,3,9083,NULL,0,0,NULL
4145,3,9084,NULL,0,0,NULL
4146,3,9085,NULL,0,0,NULL
4147,3,9086,NULL,0,0,NULL
4148,3,9087,NULL,0,0,NULL
4149,3,9088,NULL,0,0,NULL
4150,3,9089,NULL,0,0,NULL
4151,3,9090,NULL,0,0,NULL
4152,3,9091,NULL,0,0,NULL
4153,3,9092,NULL,0,0,NULL
4154,3,9093,NULL,0,0,NULL
4155,3,9094,NULL,0,0,NULL
4156,3,9095,NULL,0,0,NULL
4157,3,9096,NULL,0,0,NULL
4158,3,9097,NULL,0,0,NULL
4159,3,9098,NULL,0,0,NULL
4160,3,9099,NULL,0,0,NULL
4161,3,9100,NULL,0,0,NULL
4162,3,9101,NULL,0,0,NULL
4163,3,9102,NULL,0,0,NULL
4164,3,9103,NULL,0,0,NULL
4165,3,9104,NULL,0,0,NULL
4166,3,9105,NULL,0,0,NULL
4167,3,9106,NULL,0,0,NULL
4168,3,9107,1,1000,1,2023-07-08 00:00:00.000
4169,3,9108,NULL,0,0,NULL
4170,3,9109,NULL,0,0,NULL
4171,3,9110,NULL,0,0,NULL
4172,3,9111,NULL,0,0,NULL
4173,3,9112,NULL,0,0,NULL
4174,3,9113,NULL,0,0,NULL
4175,3,9114,NULL,0,0,NULL
4176,3,9115,NULL,0,0,NULL
4177,3,9116,NULL,0,0,NULL
4178,3,9117,NULL,0,0,NULL
4179,3,9118,NULL,0,0,NULL
4180,3,9119,NULL,0,0,NULL
4181,3,9120,NULL,0,0,NULL
4182,3,9121,NULL,0,0,NULL
4183,3,9122,NULL,0,0,NULL
4184,3,9123,NULL,0,0,NULL
4185,3,9124,NULL,0,0,NULL
4186,3,9125,NULL,0,0,NULL
4187,3,9126,NULL,0,0,NULL
4188,3,9127,NULL,0,0,NULL
4189,3,9128,NULL,0,0,NULL
4190,3,9129,NULL,0,0,NULL
4191,3,9130,NULL,0,0,NULL
4192,3,9131,NULL,0,0,NULL
4193,3,9132,NULL,0,0,NULL
4194,3,9133,NULL,0,0,NULL
4195,3,9134,NULL,0,0,NULL
4196,3,9135,NULL,0,0,NULL
4197,3,9136,NULL,0,0,NULL
4198,3,9137,NULL,0,0,NULL
4199,3,9138,NULL,0,0,NULL
4200,3,9139,NULL,0,0,NULL
4201,3,9140,NULL,0,0,NULL
4202,3,9141,NULL,0,0,NULL
4203,3,9142,NULL,0,0,NULL
4204,3,9143,NULL,0,0,NULL
4205,3,9144,NULL,0,0,NULL
4206,3,9145,NULL,0,0,NULL
4207,3,9146,NULL,0,0,NULL
4208,3,9147,NULL,0,0,NULL
4209,3,9148,NULL,0,0,NULL
4210,3,9149,NULL,0,0,NULL
4211,3,9150,NULL,0,0,NULL
4212,3,9151,NULL,0,0,NULL
4213,3,9152,NULL,0,0,NULL
4214,3,9153,NULL,0,0,NULL
4215,3,9154,NULL,0,0,NULL
4216,3,9155,NULL,0,0,NULL
4217,3,9156,NULL,0,0,NULL
4218,3,9157,NULL,0,0,NULL
4219,3,9158,NULL,0,0,NULL
4220,3,9159,NULL,0,0,NULL
4221,3,9160,NULL,0,0,NULL
4222,3,9161,NULL,0,0,NULL
4223,3,9162,NULL,0,0,NULL
4224,3,9163,NULL,0,0,NULL
4225,3,9164,NULL,0,0,NULL
4226,3,9165,NULL,0,0,NULL
4227,3,9166,NULL,0,0,NULL
4228,3,9167,NULL,0,0,NULL
4229,3,9168,NULL,0,0,NULL
4230,3,9169,NULL,0,0,NULL
4231,3,9170,NULL,0,0,NULL
4232,3,9171,NULL,0,0,NULL
4233,3,9172,NULL,0,0,NULL
4234,3,9173,NULL,0,0,NULL
4235,3,9174,NULL,0,0,NULL
4236,3,9175,NULL,0,0,NULL
4237,3,9176,NULL,0,0,NULL
4238,3,9177,NULL,0,0,NULL
4239,3,9178,NULL,0,0,NULL
4240,3,9179,NULL,0,0,NULL
4241,3,9180,NULL,0,0,NULL
4242,3,9181,NULL,0,0,NULL
4243,3,9182,NULL,0,0,NULL
4244,3,9183,NULL,0,0,NULL
4245,3,9184,NULL,0,0,NULL
4246,3,9185,NULL,0,0,NULL
4247,3,9186,NULL,0,0,NULL
4248,3,9187,NULL,0,0,NULL
4249,3,9188,NULL,0,0,NULL
4250,3,9189,NULL,0,0,NULL
4251,3,9190,NULL,0,0,NULL
4252,3,9191,NULL,0,0,NULL
4253,3,9192,NULL,0,0,NULL
4254,3,9193,NULL,0,0,NULL
4255,3,9194,NULL,0,0,NULL
4256,3,9195,NULL,0,0,NULL
4257,3,9196,NULL,0,0,NULL
4258,3,9197,NULL,0,0,NULL
4259,3,9198,NULL,0,0,NULL
4260,3,9199,NULL,0,0,NULL
4261,3,9200,NULL,0,0,NULL
4262,3,9201,NULL,0,0,NULL
4263,3,9202,NULL,0,0,NULL
4264,3,9203,NULL,0,0,NULL
4265,3,9204,NULL,0,0,NULL
4266,3,9205,NULL,0,0,NULL
4267,3,9206,NULL,0,0,NULL
4268,3,9207,NULL,0,0,NULL
4269,3,9208,NULL,0,0,NULL
4270,3,9209,NULL,0,0,NULL
4271,3,9210,NULL,0,0,NULL
4272,3,9211,NULL,0,0,NULL
4273,3,9212,NULL,0,0,NULL
4274,3,9213,NULL,0,0,NULL
4275,3,9214,NULL,0,0,NULL
4276,3,9215,NULL,0,0,NULL
4277,3,9216,NULL,0,0,NULL
4278,3,9217,NULL,0,0,NULL
4279,3,9218,NULL,0,0,NULL
4280,3,9219,NULL,0,0,NULL
4281,3,9220,NULL,0,0,NULL
4282,3,9221,NULL,0,0,NULL
4283,3,9222,NULL,0,0,NULL
4284,3,9223,NULL,0,0,NULL
4285,3,9224,NULL,0,0,NULL
4286,3,9225,NULL,0,0,NULL
4287,3,9226,NULL,0,0,NULL
4288,3,9227,NULL,0,0,NULL
4289,3,9228,NULL,0,0,NULL
4290,3,9229,NULL,0,0,NULL
4291,3,9230,NULL,0,0,NULL
4292,3,9231,NULL,0,0,NULL
4293,3,9232,NULL,0,0,NULL
4294,3,9233,NULL,0,0,NULL
4295,3,9234,NULL,0,0,NULL
4296,3,9235,NULL,0,0,NULL
4297,3,9236,NULL,0,0,NULL
4298,3,9237,NULL,0,0,NULL
4299,3,9238,NULL,0,0,NULL
4300,3,9239,NULL,0,0,NULL
4301,3,9240,NULL,0,0,NULL
4302,3,9241,NULL,0,0,NULL
4303,3,9242,NULL,0,0,NULL
4304,3,9243,NULL,0,0,NULL
4305,3,9244,NULL,0,0,NULL
4306,3,9245,NULL,0,0,NULL
4307,3,9246,NULL,0,0,NULL
4308,3,9247,NULL,0,0,NULL
4309,3,9248,NULL,0,0,NULL
4310,3,9249,NULL,0,0,NULL
4311,3,9250,NULL,0,0,NULL
4312,3,9251,NULL,0,0,NULL
4313,3,9252,NULL,0,0,NULL
4314,3,9253,NULL,0,0,NULL
4315,3,9254,NULL,0,0,NULL
4316,3,9255,NULL,0,0,NULL
4317,3,9256,NULL,0,0,NULL
4318,3,9257,NULL,0,0,NULL
4319,3,9258,NULL,0,0,NULL
4320,3,9259,NULL,0,0,NULL
4321,3,9260,NULL,0,0,NULL
4322,3,9261,NULL,0,0,NULL
4323,3,9262,NULL,0,0,NULL
4324,3,9263,NULL,0,0,NULL
4325,3,9264,NULL,0,0,NULL
4326,3,9265,NULL,0,0,NULL
4327,3,9266,NULL,0,0,NULL
4328,3,9267,NULL,0,0,NULL
4329,3,9268,NULL,0,0,NULL
4330,3,9269,NULL,0,0,NULL
4331,3,9270,NULL,0,0,NULL
4332,3,9271,NULL,0,0,NULL
4333,3,9272,NULL,0,0,NULL
4334,3,9273,NULL,0,0,NULL
4335,3,9274,NULL,0,0,NULL
4336,3,9275,NULL,0,0,NULL
4337,3,9276,NULL,0,0,NULL
4338,3,9277,NULL,0,0,NULL
4339,3,9278,NULL,0,0,NULL
4340,3,9279,NULL,0,0,NULL
4341,3,9280,NULL,0,0,NULL
4342,3,9281,NULL,0,0,NULL
4343,3,9282,NULL,0,0,NULL
4344,3,9283,NULL,0,0,NULL
4345,3,9284,NULL,0,0,NULL
4346,3,9285,NULL,0,0,NULL
4347,3,9286,NULL,0,0,NULL
4348,3,9287,NULL,0,0,NULL
4349,3,9288,NULL,0,0,NULL
4350,3,9289,NULL,0,0,NULL
4351,3,9290,NULL,0,0,NULL
4352,3,9291,NULL,0,0,NULL
4353,3,9292,NULL,0,0,NULL
4354,3,9293,NULL,0,0,NULL
4355,3,9294,NULL,0,0,NULL
4356,3,9295,NULL,0,0,NULL
4357,3,9296,NULL,0,0,NULL
4358,3,9297,NULL,0,0,NULL
4359,3,9298,NULL,0,0,NULL
4360,3,9299,NULL,0,0,NULL
4361,3,9300,NULL,0,0,NULL
4362,3,9301,NULL,0,0,NULL
4363,3,9302,NULL,0,0,NULL
4364,3,9303,NULL,0,0,NULL
4365,3,9304,NULL,0,0,NULL
4366,3,9305,NULL,0,0,NULL
4367,3,9306,NULL,0,0,NULL
4368,3,9307,NULL,0,0,NULL
4369,3,9308,NULL,0,0,NULL
4370,3,9309,NULL,0,0,NULL
4371,3,9310,NULL,0,0,NULL
4372,3,9311,NULL,0,0,NULL
4373,3,9312,NULL,0,0,NULL
4374,3,9313,NULL,0,0,NULL
4375,3,9314,NULL,0,0,NULL
4376,3,9315,NULL,0,0,NULL
4377,3,9316,NULL,0,0,NULL
4378,3,9317,NULL,0,0,NULL
4379,3,9318,NULL,0,0,NULL
4380,3,9319,NULL,0,0,NULL
4381,3,9320,NULL,0,0,NULL
4382,3,9321,NULL,0,0,NULL
4383,3,9322,NULL,0,0,NULL
4384,3,9323,NULL,0,0,NULL
4385,3,9324,NULL,0,0,NULL
4386,3,9325,NULL,0,0,NULL
4387,3,9326,NULL,0,0,NULL
4388,3,9327,NULL,0,0,NULL
4389,3,9328,NULL,0,0,NULL
4390,3,9329,NULL,0,0,NULL
4391,3,9330,NULL,0,0,NULL
4392,3,9331,NULL,0,0,NULL
4393,3,9332,NULL,0,0,NULL
4394,3,9333,NULL,0,0,NULL
4395,3,9334,NULL,0,0,NULL
4396,3,9335,NULL,0,0,NULL
4397,3,9336,NULL,0,0,NULL
4398,3,9337,NULL,0,0,NULL
4399,3,9338,NULL,0,0,NULL
4400,3,9339,NULL,0,0,NULL
4401,3,9340,NULL,0,0,NULL
4402,3,9341,NULL,0,0,NULL
4403,3,9342,NULL,0,0,NULL
4404,3,9343,NULL,0,0,NULL
4405,3,9344,NULL,0,0,NULL
4406,3,9345,NULL,0,0,NULL
4407,3,9346,NULL,0,0,NULL
4408,3,9347,NULL,0,0,NULL
4409,3,9348,NULL,0,0,NULL
4410,3,9349,NULL,0,0,NULL
4411,3,9350,NULL,0,0,NULL
4412,3,9351,NULL,0,0,NULL
4413,3,9352,NULL,0,0,NULL
4414,3,9353,NULL,0,0,NULL
4415,3,9354,NULL,0,0,NULL
4416,3,9355,NULL,0,0,NULL
4417,3,9356,NULL,0,0,NULL
4418,3,9357,NULL,0,0,NULL
4419,3,9358,NULL,0,0,NULL
4420,3,9359,NULL,0,0,NULL
4421,3,9360,NULL,0,0,NULL
4422,3,9361,NULL,0,0,NULL
4423,3,9362,NULL,0,0,NULL
4424,3,9363,NULL,0,0,NULL
4425,3,9364,NULL,0,0,NULL
4426,3,9365,NULL,0,0,NULL
4427,3,9366,NULL,0,0,NULL
4428,3,9367,NULL,0,0,NULL
4429,3,9368,NULL,0,0,NULL
4430,3,9369,NULL,0,0,NULL
4431,3,9370,NULL,0,0,NULL
4432,3,9371,NULL,0,0,NULL
4433,3,9372,NULL,0,0,NULL
4434,3,9373,NULL,0,0,NULL
4435,3,9374,NULL,0,0,NULL
4436,3,9375,NULL,0,0,NULL
4437,3,9376,NULL,0,0,NULL
4438,3,9377,NULL,0,0,NULL
4439,3,9378,NULL,0,0,NULL
4440,3,9379,NULL,0,0,NULL
4441,3,9380,NULL,0,0,NULL
4442,3,9381,NULL,0,0,NULL
4443,3,9382,NULL,0,0,NULL
4444,3,9383,NULL,0,0,NULL
4445,3,9384,NULL,0,0,NULL
4446,3,9385,NULL,0,0,NULL
4447,3,9386,NULL,0,0,NULL
4448,3,9387,NULL,0,0,NULL
4449,3,9388,NULL,0,0,NULL
4450,3,9389,NULL,0,0,NULL
4451,3,9390,NULL,0,0,NULL
4452,3,9391,NULL,0,0,NULL
4453,3,9392,NULL,0,0,NULL
4454,3,9393,NULL,0,0,NULL
4455,3,9394,NULL,0,0,NULL
4456,3,9395,NULL,0,0,NULL
4457,3,9396,NULL,0,0,NULL
4458,3,9397,NULL,0,0,NULL
4459,3,9398,NULL,0,0,NULL
4460,3,9399,NULL,0,0,NULL
4461,3,9400,NULL,0,0,NULL
4462,3,9401,NULL,0,0,NULL
4463,3,9402,NULL,0,0,NULL
4464,3,9403,NULL,0,0,NULL
4465,3,9404,NULL,0,0,NULL
4466,3,9405,NULL,0,0,NULL
4467,3,9406,NULL,0,0,NULL
4468,3,9407,NULL,0,0,NULL
4469,3,9408,NULL,0,0,NULL
3247,1,9001,NULL,0,0,NULL
3248,1,9002,NULL,0,0,NULL
3249,1,9003,NULL,0,0,NULL
3250,1,9004,NULL,0,0,NULL
3251,1,9005,NULL,0,0,NULL
3252,1,9006,NULL,0,0,NULL
3253,1,9007,NULL,0,0,NULL
3254,1,9008,NULL,0,0,NULL
3255,1,9009,NULL,0,0,NULL
3256,1,9010,NULL,0,0,NULL
3257,1,9011,NULL,0,0,NULL
3258,1,9012,NULL,0,0,NULL
3259,1,9013,NULL,0,0,NULL
3260,1,9014,NULL,0,0,NULL
3261,1,9015,NULL,0,0,NULL
3262,1,9016,NULL,0,0,NULL
3263,1,9017,NULL,0,0,NULL
3264,1,9018,NULL,0,0,NULL
3265,1,9019,NULL,0,0,NULL
3266,1,9020,NULL,0,0,NULL
3267,1,9021,NULL,0,0,NULL
3268,1,9022,NULL,0,0,NULL
3269,1,9023,NULL,0,0,NULL
3270,1,9024,NULL,0,0,NULL
3271,1,9025,NULL,0,0,NULL
3272,1,9026,NULL,0,0,NULL
3273,1,9027,NULL,0,0,NULL
3274,1,9028,NULL,0,0,NULL
3275,1,9029,NULL,0,0,NULL
3276,1,9030,NULL,0,0,NULL
3277,1,9031,NULL,0,0,NULL
3278,1,9032,NULL,0,0,NULL
3279,1,9033,NULL,0,0,NULL
3280,1,9034,NULL,0,0,NULL
3281,1,9035,NULL,0,0,NULL
3282,1,9036,NULL,0,0,NULL
3283,1,9037,NULL,0,0,NULL
3284,1,9038,NULL,0,0,NULL
3285,1,9039,NULL,0,0,NULL
3286,1,9040,NULL,0,0,NULL
3287,1,9041,NULL,0,0,NULL
3288,1,9042,NULL,0,0,NULL
3289,1,9043,NULL,0,0,NULL
3290,1,9044,NULL,0,0,NULL
3291,1,9045,NULL,0,0,NULL
3292,1,9046,NULL,0,0,NULL
3293,1,9047,NULL,0,0,NULL
3294,1,9048,NULL,0,0,NULL
3295,1,9049,NULL,0,0,NULL
3296,1,9050,NULL,0,0,NULL
3297,1,9051,NULL,0,0,NULL
3298,1,9052,NULL,0,0,NULL
3299,1,9053,NULL,0,0,NULL
3300,1,9054,NULL,0,0,NULL
3301,1,9055,NULL,0,0,NULL
3302,1,9056,NULL,0,0,NULL
3303,1,9057,NULL,0,0,NULL
3304,1,9058,NULL,0,0,NULL
3305,1,9059,NULL,0,0,NULL
3306,1,9060,NULL,0,0,NULL
3307,1,9061,NULL,0,0,NULL
3308,1,9062,NULL,0,0,NULL
3309,1,9063,NULL,0,0,NULL
3310,1,9064,NULL,0,0,NULL
3311,1,9065,NULL,0,0,NULL
3312,1,9066,NULL,0,0,NULL
3313,1,9067,NULL,0,0,NULL
3314,1,9068,NULL,0,0,NULL
3315,1,9069,NULL,0,0,NULL
3316,1,9070,NULL,0,0,NULL
3317,1,9071,NULL,0,0,NULL
3318,1,9072,NULL,0,0,NULL
3319,1,9073,NULL,0,0,NULL
3320,1,9074,NULL,0,0,NULL
3321,1,9075,NULL,0,0,NULL
3322,1,9076,NULL,0,0,NULL
3323,1,9077,NULL,0,0,NULL
3324,1,9078,NULL,0,0,NULL
3325,1,9079,NULL,0,0,NULL
3326,1,9080,NULL,0,0,NULL
3327,1,9081,NULL,0,0,NULL
3328,1,9082,NULL,0,0,NULL
3329,1,9083,NULL,0,0,NULL
3330,1,9084,NULL,0,0,NULL
3331,1,9085,NULL,0,0,NULL
3332,1,9086,NULL,0,0,NULL
3333,1,9087,NULL,0,0,NULL
3334,1,9088,NULL,0,0,NULL
3335,1,9089,NULL,0,0,NULL
3336,1,9090,NULL,0,0,NULL
3337,1,9091,NULL,0,0,NULL
3338,1,9092,NULL,0,0,NULL
3339,1,9093,NULL,0,0,NULL
3340,1,9094,NULL,0,0,NULL
3341,1,9095,NULL,0,0,NULL
3342,1,9096,NULL,0,0,NULL
3343,1,9097,NULL,0,0,NULL
3344,1,9098,NULL,0,0,NULL
3345,1,9099,NULL,0,0,NULL
3346,1,9100,NULL,0,0,NULL
3347,1,9101,NULL,0,0,NULL
3348,1,9102,NULL,0,0,NULL
3349,1,9103,NULL,0,0,NULL
3350,1,9104,NULL,0,0,NULL
3351,1,9105,NULL,0,0,NULL
3352,1,9106,NULL,0,0,NULL
3353,1,9107,NULL,0,0,NULL
3354,1,9108,NULL,0,0,NULL
3355,1,9109,NULL,0,0,NULL
3356,1,9110,NULL,0,0,NULL
3357,1,9111,NULL,0,0,NULL
3358,1,9112,NULL,0,0,NULL
3359,1,9113,NULL,0,0,NULL
3360,1,9114,NULL,0,0,NULL
3361,1,9115,NULL,0,0,NULL
3362,1,9116,NULL,0,0,NULL
3363,1,9117,NULL,0,0,NULL
3364,1,9118,NULL,0,0,NULL
3365,1,9119,NULL,0,0,NULL
3366,1,9120,NULL,0,0,NULL
3367,1,9121,NULL,0,0,NULL
3368,1,9122,NULL,0,0,NULL
3369,1,9123,NULL,0,0,NULL
3370,1,9124,NULL,0,0,NULL
3371,1,9125,NULL,0,0,NULL
3372,1,9126,NULL,0,0,NULL
3373,1,9127,NULL,0,0,NULL
3374,1,9128,NULL,0,0,NULL
3375,1,9129,NULL,0,0,NULL
3376,1,9130,NULL,0,0,NULL
3377,1,9131,NULL,0,0,NULL
3378,1,9132,NULL,0,0,NULL
3379,1,9133,NULL,0,0,NULL
3380,1,9134,NULL,0,0,NULL
3381,1,9135,NULL,0,0,NULL
3382,1,9136,NULL,0,0,NULL
3383,1,9137,NULL,0,0,NULL
3384,1,9138,NULL,0,0,NULL
3385,1,9139,NULL,0,0,NULL
3386,1,9140,NULL,0,0,NULL
3387,1,9141,NULL,0,0,NULL
3388,1,9142,NULL,0,0,NULL
3389,1,9143,NULL,0,0,NULL
3390,1,9144,NULL,0,0,NULL
3391,1,9145,NULL,0,0,NULL
3392,1,9146,NULL,0,0,NULL
3393,1,9147,NULL,0,0,NULL
3394,1,9148,NULL,0,0,NULL
3395,1,9149,NULL,0,0,NULL
3396,1,9150,NULL,0,0,NULL
3397,1,9151,NULL,0,0,NULL
3398,1,9152,NULL,0,0,NULL
3399,1,9153,NULL,0,0,NULL
3400,1,9154,NULL,0,0,NULL
3401,1,9155,NULL,0,0,NULL
3402,1,9156,NULL,0,0,NULL
3403,1,9157,NULL,0,0,NULL
3404,1,9158,NULL,0,0,NULL
3405,1,9159,NULL,0,0,NULL
3406,1,9160,NULL,0,0,NULL
3407,1,9161,NULL,0,0,NULL
3408,1,9162,NULL,0,0,NULL
3409,1,9163,NULL,0,0,NULL
3410,1,9164,NULL,0,0,NULL
3411,1,9165,NULL,0,0,NULL
3412,1,9166,NULL,0,0,NULL
3413,1,9167,NULL,0,0,NULL
3414,1,9168,NULL,0,0,NULL
3415,1,9169,NULL,0,0,NULL
3416,1,9170,NULL,0,0,NULL
3417,1,9171,NULL,0,0,NULL
3418,1,9172,NULL,0,0,NULL
3419,1,9173,NULL,0,0,NULL
3420,1,9174,NULL,0,0,NULL
3421,1,9175,NULL,0,0,NULL
3422,1,9176,NULL,0,0,NULL
3423,1,9177,NULL,0,0,NULL
3424,1,9178,NULL,0,0,NULL
3425,1,9179,NULL,0,0,NULL
3426,1,9180,NULL,0,0,NULL
3427,1,9181,NULL,0,0,NULL
3428,1,9182,NULL,0,0,NULL
3429,1,9183,NULL,0,0,NULL
3430,1,9184,NULL,0,0,NULL
3431,1,9185,NULL,0,0,NULL
3432,1,9186,NULL,0,0,NULL
3433,1,9187,NULL,0,0,NULL
3434,1,9188,NULL,0,0,NULL
3435,1,9189,NULL,0,0,NULL
3436,1,9190,NULL,0,0,NULL
3437,1,9191,NULL,0,0,NULL
3438,1,9192,NULL,0,0,NULL
3439,1,9193,NULL,0,0,NULL
3440,1,9194,NULL,0,0,NULL
3441,1,9195,NULL,0,0,NULL
3442,1,9196,NULL,0,0,NULL
3443,1,9197,NULL,0,0,NULL
3444,1,9198,NULL,0,0,NULL
3445,1,9199,NULL,0,0,NULL
3446,1,9200,NULL,0,0,NULL
3447,1,9201,NULL,0,0,NULL
3448,1,9202,NULL,0,0,NULL
3449,1,9203,NULL,0,0,NULL
3450,1,9204,NULL,0,0,NULL
3451,1,9205,NULL,0,0,NULL
3452,1,9206,NULL,0,0,NULL
3453,1,9207,NULL,0,0,NULL
3454,1,9208,NULL,0,0,NULL
3455,1,9209,NULL,0,0,NULL
3456,1,9210,NULL,0,0,NULL
3457,1,9211,NULL,0,0,NULL
3458,1,9212,NULL,0,0,NULL
3459,1,9213,NULL,0,0,NULL
3460,1,9214,NULL,0,0,NULL
3461,1,9215,NULL,0,0,NULL
3462,1,9216,NULL,0,0,NULL
3463,1,9217,NULL,0,0,NULL
3464,1,9218,NULL,0,0,NULL
3465,1,9219,NULL,0,0,NULL
3466,1,9220,NULL,0,0,NULL
3467,1,9221,NULL,0,0,NULL
3468,1,9222,NULL,0,0,NULL
3469,1,9223,NULL,0,0,NULL
3470,1,9224,NULL,0,0,NULL
3471,1,9225,NULL,0,0,NULL
3472,1,9226,NULL,0,0,NULL
3473,1,9227,NULL,0,0,NULL
3474,1,9228,NULL,0,0,NULL
3475,1,9229,NULL,0,0,NULL
3476,1,9230,NULL,0,0,NULL
3477,1,9231,NULL,0,0,NULL
3478,1,9232,NULL,0,0,NULL
3479,1,9233,NULL,0,0,NULL
3480,1,9234,NULL,0,0,NULL
3481,1,9235,NULL,0,0,NULL
3482,1,9236,NULL,0,0,NULL
3483,1,9237,NULL,0,0,NULL
3484,1,9238,NULL,0,0,NULL
3485,1,9239,NULL,0,0,NULL
3486,1,9240,NULL,0,0,NULL
3487,1,9241,NULL,0,0,NULL
3488,1,9242,NULL,0,0,NULL
3489,1,9243,NULL,0,0,NULL
3490,1,9244,NULL,0,0,NULL
3491,1,9245,NULL,0,0,NULL
3492,1,9246,NULL,0,0,NULL
3493,1,9247,NULL,0,0,NULL
3494,1,9248,NULL,0,0,NULL
3495,1,9249,NULL,0,0,NULL
3496,1,9250,NULL,0,0,NULL
3497,1,9251,NULL,0,0,NULL
3498,1,9252,NULL,0,0,NULL
3499,1,9253,NULL,0,0,NULL
3500,1,9254,NULL,0,0,NULL
3501,1,9255,NULL,0,0,NULL
3502,1,9256,NULL,0,0,NULL
3503,1,9257,NULL,0,0,NULL
3504,1,9258,NULL,0,0,NULL
3505,1,9259,NULL,0,0,NULL
3506,1,9260,NULL,0,0,NULL
3507,1,9261,NULL,0,0,NULL
3508,1,9262,NULL,0,0,NULL
3509,1,9263,NULL,0,0,NULL
3510,1,9264,NULL,0,0,NULL
3511,1,9265,NULL,0,0,NULL
3512,1,9266,NULL,0,0,NULL
3513,1,9267,NULL,0,0,NULL
3514,1,9268,NULL,0,0,NULL
3515,1,9269,NULL,0,0,NULL
3516,1,9270,NULL,0,0,NULL
3517,1,9271,NULL,0,0,NULL
3518,1,9272,NULL,0,0,NULL
3519,1,9273,NULL,0,0,NULL
3520,1,9274,NULL,0,0,NULL
3521,1,9275,NULL,0,0,NULL
3522,1,9276,NULL,0,0,NULL
3523,1,9277,NULL,0,0,NULL
3524,1,9278,NULL,0,0,NULL
3525,1,9279,NULL,0,0,NULL
3526,1,9280,NULL,0,0,NULL
3527,1,9281,NULL,0,0,NULL
3528,1,9282,NULL,0,0,NULL
3529,1,9283,NULL,0,0,NULL
3530,1,9284,NULL,0,0,NULL
3531,1,9285,NULL,0,0,NULL
3532,1,9286,NULL,0,0,NULL
3533,1,9287,NULL,0,0,NULL
3534,1,9288,NULL,0,0,NULL
3535,1,9289,NULL,0,0,NULL
3536,1,9290,NULL,0,0,NULL
3537,1,9291,NULL,0,0,NULL
3538,1,9292,NULL,0,0,NULL
3539,1,9293,NULL,0,0,NULL
3540,1,9294,NULL,0,0,NULL
3541,1,9295,NULL,0,0,NULL
3542,1,9296,NULL,0,0,NULL
3543,1,9297,NULL,0,0,NULL
3544,1,9298,NULL,0,0,NULL
3545,1,9299,NULL,0,0,NULL
3546,1,9300,NULL,0,0,NULL
3547,1,9301,NULL,0,0,NULL
3548,1,9302,NULL,0,0,NULL
3549,1,9303,NULL,0,0,NULL
3550,1,9304,NULL,0,0,NULL
3551,1,9305,NULL,0,0,NULL
3552,1,9306,NULL,0,0,NULL
3553,1,9307,NULL,0,0,NULL
3554,1,9308,NULL,0,0,NULL
3555,1,9309,NULL,0,0,NULL
3556,1,9310,NULL,0,0,NULL
3557,1,9311,NULL,0,0,NULL
3558,1,9312,NULL,0,0,NULL
3559,1,9313,NULL,0,0,NULL
3560,1,9314,NULL,0,0,NULL
3561,1,9315,NULL,0,0,NULL
3562,1,9316,NULL,0,0,NULL
3563,1,9317,NULL,0,0,NULL
3564,1,9318,NULL,0,0,NULL
3565,1,9319,NULL,0,0,NULL
3566,1,9320,NULL,0,0,NULL
3567,1,9321,NULL,0,0,NULL
3568,1,9322,NULL,0,0,NULL
3569,1,9323,NULL,0,0,NULL
3570,1,9324,NULL,0,0,NULL
3571,1,9325,NULL,0,0,NULL
3572,1,9326,NULL,0,0,NULL
3573,1,9327,NULL,0,0,NULL
3574,1,9328,NULL,0,0,NULL
3575,1,9329,NULL,0,0,NULL
3576,1,9330,NULL,0,0,NULL
3577,1,9331,NULL,0,0,NULL
3578,1,9332,NULL,0,0,NULL
3579,1,9333,NULL,0,0,NULL
3580,1,9334,NULL,0,0,NULL
3581,1,9335,NULL,0,0,NULL
3582,1,9336,NULL,0,0,NULL
3583,1,9337,NULL,0,0,NULL
3584,1,9338,NULL,0,0,NULL
3585,1,9339,NULL,0,0,NULL
3586,1,9340,NULL,0,0,NULL
3587,1,9341,NULL,0,0,NULL
3588,1,9342,NULL,0,0,NULL
3589,1,9343,NULL,0,0,NULL
3590,1,9344,NULL,0,0,NULL
3591,1,9345,NULL,0,0,NULL
3592,1,9346,NULL,0,0,NULL
3593,1,9347,NULL,0,0,NULL
3594,1,9348,NULL,0,0,NULL
3595,1,9349,NULL,0,0,NULL
3596,1,9350,NULL,0,0,NULL
3597,1,9351,NULL,0,0,NULL
3598,1,9352,NULL,0,0,NULL
3599,1,9353,NULL,0,0,NULL
3600,1,9354,NULL,0,0,NULL
3601,1,9355,NULL,0,0,NULL
3602,1,9356,NULL,0,0,NULL
3603,1,9357,NULL,0,0,NULL
3604,1,9358,NULL,0,0,NULL
3605,1,9359,NULL,0,0,NULL
3606,1,9360,NULL,0,0,NULL
3607,1,9361,NULL,0,0,NULL
3608,1,9362,NULL,0,0,NULL
3609,1,9363,NULL,0,0,NULL
3610,1,9364,NULL,0,0,NULL
3611,1,9365,NULL,0,0,NULL
3612,1,9366,NULL,0,0,NULL
3613,1,9367,NULL,0,0,NULL
3614,1,9368,NULL,0,0,NULL
3615,1,9369,NULL,0,0,NULL
3616,1,9370,NULL,0,0,NULL
3617,1,9371,NULL,0,0,NULL
3618,1,9372,NULL,0,0,NULL
3619,1,9373,NULL,0,0,NULL
3620,1,9374,NULL,0,0,NULL
3621,1,9375,NULL,0,0,NULL
3622,1,9376,NULL,0,0,NULL
3623,1,9377,NULL,0,0,NULL
3624,1,9378,NULL,0,0,NULL
3625,1,9379,NULL,0,0,NULL
3626,1,9380,NULL,0,0,NULL
3627,1,9381,NULL,0,0,NULL
3628,1,9382,NULL,0,0,NULL
3629,1,9383,NULL,0,0,NULL
3630,1,9384,NULL,0,0,NULL
3631,1,9385,NULL,0,0,NULL
3632,1,9386,NULL,0,0,NULL
3633,1,9387,NULL,0,0,NULL
3634,1,9388,NULL,0,0,NULL
3635,1,9389,NULL,0,0,NULL
3636,1,9390,NULL,0,0,NULL
3637,1,9391,NULL,0,0,NULL
3638,1,9392,NULL,0,0,NULL
3639,1,9393,NULL,0,0,NULL
3640,1,9394,NULL,0,0,NULL
3641,1,9395,NULL,0,0,NULL
3642,1,9396,NULL,0,0,NULL
3643,1,9397,NULL,0,0,NULL
3644,1,9398,NULL,0,0,NULL
3645,1,9399,NULL,0,0,NULL
3646,1,9400,NULL,0,0,NULL
3647,1,9401,NULL,0,0,NULL
3648,1,9402,NULL,0,0,NULL
3649,1,9403,NULL,0,0,NULL
3650,1,9404,NULL,0,0,NULL
3651,1,9405,NULL,0,0,NULL
3652,1,9406,NULL,0,0,NULL
3653,1,9407,NULL,0,0,NULL
3654,1,9408,NULL,0,0,NULL
3655,2,9001,NULL,0,0,NULL
3656,2,9002,NULL,0,0,NULL
3657,2,9003,NULL,0,0,NULL
3658,2,9004,NULL,0,0,NULL
3659,2,9005,NULL,0,0,NULL
3660,2,9006,NULL,0,0,NULL
3661,2,9007,NULL,0,0,NULL
3662,2,9008,NULL,0,0,NULL
3663,2,9009,NULL,0,0,NULL
3664,2,9010,NULL,0,0,NULL
3665,2,9011,NULL,0,0,NULL
3666,2,9012,NULL,0,0,NULL
3667,2,9013,NULL,0,0,NULL
3668,2,9014,NULL,0,0,NULL
3669,2,9015,NULL,0,0,NULL
3670,2,9016,NULL,0,0,NULL
3671,2,9017,NULL,0,0,NULL
3672,2,9018,NULL,0,0,NULL
3673,2,9019,NULL,0,0,NULL
3674,2,9020,NULL,0,0,NULL
3675,2,9021,NULL,0,0,NULL
3676,2,9022,NULL,0,0,NULL
3677,2,9023,NULL,0,0,NULL
3678,2,9024,NULL,0,0,NULL
3679,2,9025,NULL,0,0,NULL
3680,2,9026,NULL,0,0,NULL
3681,2,9027,NULL,0,0,NULL
3682,2,9028,NULL,0,0,NULL
3683,2,9029,NULL,0,0,NULL
3684,2,9030,NULL,0,0,NULL
3685,2,9031,NULL,0,0,NULL
3686,2,9032,NULL,0,0,NULL
3687,2,9033,NULL,0,0,NULL
3688,2,9034,NULL,0,0,NULL
3689,2,9035,NULL,0,0,NULL
3690,2,9036,NULL,0,0,NULL
3691,2,9037,NULL,0,0,NULL
3692,2,9038,NULL,0,0,NULL
3693,2,9039,NULL,0,0,NULL
3694,2,9040,NULL,0,0,NULL
3695,2,9041,NULL,0,0,NULL
3696,2,9042,NULL,0,0,NULL
3697,2,9043,NULL,0,0,NULL
3698,2,9044,NULL,0,0,NULL
3699,2,9045,NULL,0,0,NULL
3700,2,9046,NULL,0,0,NULL
3701,2,9047,NULL,0,0,NULL
3702,2,9048,NULL,0,0,NULL
3703,2,9049,NULL,0,0,NULL
3704,2,9050,NULL,0,0,NULL
3705,2,9051,NULL,0,0,NULL
3706,2,9052,NULL,0,0,NULL
3707,2,9053,NULL,0,0,NULL
3708,2,9054,NULL,0,0,NULL
3709,2,9055,NULL,0,0,NULL
3710,2,9056,NULL,0,0,NULL
3711,2,9057,NULL,0,0,NULL
3712,2,9058,NULL,0,0,NULL
3713,2,9059,NULL,0,0,NULL
3714,2,9060,NULL,0,0,NULL
3715,2,9061,NULL,0,0,NULL
3716,2,9062,NULL,0,0,NULL
3717,2,9063,NULL,0,0,NULL
3718,2,9064,NULL,0,0,NULL
3719,2,9065,NULL,0,0,NULL
3720,2,9066,NULL,0,0,NULL
3721,2,9067,NULL,0,0,NULL
3722,2,9068,NULL,0,0,NULL
3723,2,9069,NULL,0,0,NULL
3724,2,9070,NULL,0,0,NULL
3725,2,9071,NULL,0,0,NULL
3726,2,9072,NULL,0,0,NULL
3727,2,9073,NULL,0,0,NULL
3728,2,9074,NULL,0,0,NULL
3729,2,9075,NULL,0,0,NULL
3730,2,9076,NULL,0,0,NULL
3731,2,9077,NULL,0,0,NULL
3732,2,9078,NULL,0,0,NULL
3733,2,9079,NULL,0,0,NULL
3734,2,9080,NULL,0,0,NULL
3735,2,9081,NULL,0,0,NULL
3736,2,9082,NULL,0,0,NULL
3737,2,9083,NULL,0,0,NULL
3738,2,9084,NULL,0,0,NULL
3739,2,9085,NULL,0,0,NULL
3740,2,9086,NULL,0,0,NULL
3741,2,9087,NULL,0,0,NULL
3742,2,9088,NULL,0,0,NULL
3743,2,9089,NULL,0,0,NULL
3744,2,9090,NULL,0,0,NULL
3745,2,9091,NULL,0,0,NULL
3746,2,9092,NULL,0,0,NULL
3747,2,9093,NULL,0,0,NULL
3748,2,9094,NULL,0,0,NULL
3749,2,9095,NULL,0,0,NULL
3750,2,9096,NULL,0,0,NULL
3751,2,9097,NULL,0,0,NULL
3752,2,9098,NULL,0,0,NULL
3753,2,9099,NULL,0,0,NULL
3754,2,9100,NULL,0,0,NULL
3755,2,9101,NULL,0,0,NULL
3756,2,9102,NULL,0,0,NULL
3757,2,9103,NULL,0,0,NULL
3758,2,9104,NULL,0,0,NULL
3759,2,9105,NULL,0,0,NULL
3760,2,9106,NULL,0,0,NULL
3761,2,9107,NULL,0,0,NULL
3762,2,9108,NULL,0,0,NULL
3763,2,9109,NULL,0,0,NULL
3764,2,9110,NULL,0,0,NULL
3765,2,9111,NULL,0,0,NULL
3766,2,9112,NULL,0,0,NULL
3767,2,9113,NULL,0,0,NULL
3768,2,9114,NULL,0,0,NULL
3769,2,9115,NULL,0,0,NULL
3770,2,9116,NULL,0,0,NULL
3771,2,9117,NULL,0,0,NULL
3772,2,9118,NULL,0,0,NULL
3773,2,9119,NULL,0,0,NULL
3774,2,9120,NULL,0,0,NULL
3775,2,9121,NULL,0,0,NULL
3776,2,9122,NULL,0,0,NULL
3777,2,9123,NULL,0,0,NULL
3778,2,9124,NULL,0,0,NULL
3779,2,9125,NULL,0,0,NULL
3780,2,9126,NULL,0,0,NULL
3781,2,9127,NULL,0,0,NULL
3782,2,9128,NULL,0,0,NULL
3783,2,9129,NULL,0,0,NULL
3784,2,9130,NULL,0,0,NULL
3785,2,9131,NULL,0,0,NULL
3786,2,9132,NULL,0,0,NULL
3787,2,9133,NULL,0,0,NULL
3788,2,9134,NULL,0,0,NULL
3789,2,9135,NULL,0,0,NULL
3790,2,9136,NULL,0,0,NULL
3791,2,9137,NULL,0,0,NULL
3792,2,9138,NULL,0,0,NULL
3793,2,9139,NULL,0,0,NULL
3794,2,9140,NULL,0,0,NULL
3795,2,9141,NULL,0,0,NULL
3796,2,9142,NULL,0,0,NULL
3797,2,9143,NULL,0,0,NULL
3798,2,9144,NULL,0,0,NULL
3799,2,9145,NULL,0,0,NULL
3800,2,9146,NULL,0,0,NULL
3801,2,9147,NULL,0,0,NULL
3802,2,9148,NULL,0,0,NULL
3803,2,9149,NULL,0,0,NULL
3804,2,9150,NULL,0,0,NULL
3805,2,9151,NULL,0,0,NULL
3806,2,9152,NULL,0,0,NULL
3807,2,9153,NULL,0,0,NULL
3808,2,9154,NULL,0,0,NULL
3809,2,9155,NULL,0,0,NULL
3810,2,9156,NULL,0,0,NULL
3811,2,9157,NULL,0,0,NULL
3812,2,9158,NULL,0,0,NULL
3813,2,9159,NULL,0,0,NULL
3814,2,9160,NULL,0,0,NULL
3815,2,9161,NULL,0,0,NULL
3816,2,9162,NULL,0,0,NULL
3817,2,9163,NULL,0,0,NULL
3818,2,9164,NULL,0,0,NULL
3819,2,9165,NULL,0,0,NULL
3820,2,9166,NULL,0,0,NULL
3821,2,9167,NULL,0,0,NULL
3822,2,9168,NULL,0,0,NULL
3823,2,9169,NULL,0,0,NULL
3824,2,9170,NULL,0,0,NULL
3825,2,9171,NULL,0,0,NULL
3826,2,9172,NULL,0,0,NULL
3827,2,9173,NULL,0,0,NULL
3828,2,9174,NULL,0,0,NULL
3829,2,9175,NULL,0,0,NULL
3830,2,9176,NULL,0,0,NULL
3831,2,9177,NULL,0,0,NULL
3832,2,9178,NULL,0,0,NULL
3833,2,9179,NULL,0,0,NULL
3834,2,9180,NULL,0,0,NULL
3835,2,9181,NULL,0,0,NULL
3836,2,9182,NULL,0,0,NULL
3837,2,9183,NULL,0,0,NULL
3838,2,9184,NULL,0,0,NULL
3839,2,9185,NULL,0,0,NULL
3840,2,9186,NULL,0,0,NULL
3841,2,9187,NULL,0,0,NULL
3842,2,9188,NULL,0,0,NULL
3843,2,9189,NULL,0,0,NULL
3844,2,9190,NULL,0,0,NULL
3845,2,9191,NULL,0,0,NULL
3846,2,9192,NULL,0,0,NULL
3847,2,9193,NULL,0,0,NULL
3848,2,9194,NULL,0,0,NULL
3849,2,9195,NULL,0,0,NULL
3850,2,9196,NULL,0,0,NULL
3851,2,9197,NULL,0,0,NULL
3852,2,9198,NULL,0,0,NULL
3853,2,9199,NULL,0,0,NULL
3854,2,9200,NULL,0,0,NULL
3855,2,9201,NULL,0,0,NULL
3856,2,9202,NULL,0,0,NULL
3857,2,9203,NULL,0,0,NULL
3858,2,9204,NULL,0,0,NULL
3859,2,9205,NULL,0,0,NULL
3860,2,9206,NULL,0,0,NULL
3861,2,9207,NULL,0,0,NULL
4470,4,9001,NULL,0,0,NULL
4471,4,9002,NULL,0,0,NULL
4472,4,9003,NULL,0,0,NULL
4473,4,9004,NULL,0,0,NULL
4474,4,9005,NULL,0,0,NULL
4475,4,9006,NULL,0,0,NULL
4476,4,9007,NULL,0,0,NULL
4477,4,9008,NULL,0,0,NULL
4478,4,9009,NULL,0,0,NULL
4479,4,9011,NULL,0,0,NULL
4480,4,9012,NULL,0,0,NULL
4481,4,9013,NULL,0,0,NULL
4482,4,9014,NULL,0,0,NULL
4483,4,9015,NULL,0,0,NULL
4484,4,9016,NULL,0,0,NULL
4485,4,9017,NULL,0,0,NULL
4486,4,9018,NULL,0,0,NULL
4487,4,9019,NULL,0,0,NULL
4488,4,9020,NULL,0,0,NULL
4489,4,9021,NULL,0,0,NULL
4490,4,9022,NULL,0,0,NULL
4491,4,9023,NULL,0,0,NULL
4492,4,9024,NULL,0,0,NULL
4493,4,9025,NULL,0,0,NULL
4494,4,9026,NULL,0,0,NULL
4495,4,9027,NULL,0,0,NULL
4496,4,9028,NULL,0,0,NULL
4497,4,9029,NULL,0,0,NULL
4498,4,9030,NULL,0,0,NULL
4499,4,9031,NULL,0,0,NULL
4500,4,9032,NULL,0,0,NULL
4501,4,9033,NULL,0,0,NULL
4502,4,9034,NULL,0,0,NULL
4503,4,9035,NULL,0,0,NULL
4504,4,9036,NULL,0,0,NULL
4505,4,9037,NULL,0,0,NULL
4506,4,9038,NULL,0,0,NULL
4507,4,9039,NULL,0,0,NULL
4508,4,9040,NULL,0,0,NULL
4509,4,9041,NULL,0,0,NULL
4510,4,9042,NULL,0,0,NULL
4511,4,9043,NULL,0,0,NULL
4512,4,9044,NULL,0,0,NULL
4513,4,9045,NULL,0,0,NULL
4514,4,9046,NULL,0,0,NULL
4515,4,9047,NULL,0,0,NULL
4516,4,9048,NULL,0,0,NULL
4517,4,9049,NULL,0,0,NULL
4518,4,9050,NULL,0,0,NULL
4519,4,9051,NULL,0,0,NULL
4520,4,9052,NULL,0,0,NULL
4521,4,9053,NULL,0,0,NULL
4522,4,9054,NULL,0,0,NULL
4523,4,9055,NULL,0,0,NULL
4524,4,9056,NULL,0,0,NULL
4525,4,9057,NULL,0,0,NULL
4526,4,9058,NULL,0,0,NULL
4527,4,9059,NULL,0,0,NULL
4528,4,9060,NULL,0,0,NULL
4529,4,9061,NULL,0,0,NULL
4530,4,9062,NULL,0,0,NULL
4531,4,9063,NULL,0,0,NULL
4532,4,9064,NULL,0,0,NULL
4533,4,9065,NULL,0,0,NULL
4534,4,9066,NULL,0,0,NULL
4535,4,9067,NULL,0,0,NULL
4536,4,9068,NULL,0,0,NULL
4537,4,9069,NULL,0,0,NULL
4538,4,9070,NULL,0,0,NULL
4539,4,9071,NULL,0,0,NULL
4540,4,9072,NULL,0,0,NULL
4541,4,9073,NULL,0,0,NULL
4542,4,9074,NULL,0,0,NULL
4543,4,9075,NULL,0,0,NULL
4544,4,9076,NULL,0,0,NULL
4545,4,9077,NULL,0,0,NULL
4546,4,9078,NULL,0,0,NULL
4547,4,9079,NULL,0,0,NULL
4548,4,9080,NULL,0,0,NULL
4549,4,9081,NULL,0,0,NULL
4550,4,9082,NULL,0,0,NULL
4551,4,9083,NULL,0,0,NULL
4552,4,9084,NULL,0,0,NULL
4553,4,9085,NULL,0,0,NULL
4554,4,9086,NULL,0,0,NULL
4555,4,9087,NULL,0,0,NULL
4556,4,9088,NULL,0,0,NULL
4557,4,9089,NULL,0,0,NULL
4558,4,9090,NULL,0,0,NULL
4559,4,9091,NULL,0,0,NULL
4560,4,9092,NULL,0,0,NULL
4561,4,9093,NULL,0,0,NULL
4562,4,9094,NULL,0,0,NULL
4563,4,9095,NULL,0,0,NULL
4564,4,9096,NULL,0,0,NULL
4565,4,9097,NULL,0,0,NULL
4566,4,9098,NULL,0,0,NULL
4567,4,9099,NULL,0,0,NULL
4568,4,9100,NULL,0,0,NULL
4569,4,9101,NULL,0,0,NULL
4570,4,9102,NULL,0,0,NULL
4571,4,9103,NULL,0,0,NULL
4572,4,9104,NULL,0,0,NULL
4573,4,9105,NULL,0,0,NULL
4574,4,9106,NULL,0,0,NULL
4575,4,9108,NULL,0,0,NULL
4576,4,9109,NULL,0,0,NULL
4577,4,9110,NULL,0,0,NULL
4578,4,9111,NULL,0,0,NULL
4579,4,9112,NULL,0,0,NULL
4580,4,9113,NULL,0,0,NULL
4581,4,9114,NULL,0,0,NULL
4582,4,9115,NULL,0,0,NULL
4583,4,9116,NULL,0,0,NULL
4584,4,9117,NULL,0,0,NULL
4585,4,9118,NULL,0,0,NULL
4586,4,9119,NULL,0,0,NULL
4587,4,9120,NULL,0,0,NULL
4588,4,9121,NULL,0,0,NULL
4589,4,9122,NULL,0,0,NULL
4590,4,9123,NULL,0,0,NULL
4591,4,9124,NULL,0,0,NULL
4592,4,9125,NULL,0,0,NULL
4593,4,9126,NULL,0,0,NULL
4594,4,9127,NULL,0,0,NULL
4595,4,9128,NULL,0,0,NULL
4596,4,9129,NULL,0,0,NULL
4597,4,9130,NULL,0,0,NULL
4598,4,9131,NULL,0,0,NULL
4599,4,9132,NULL,0,0,NULL
4600,4,9133,NULL,0,0,NULL
4601,4,9134,NULL,0,0,NULL
4602,4,9135,NULL,0,0,NULL
4603,4,9136,NULL,0,0,NULL
4604,4,9137,NULL,0,0,NULL
4605,4,9138,NULL,0,0,NULL
4606,4,9139,NULL,0,0,NULL
4607,4,9140,NULL,0,0,NULL
4608,4,9141,NULL,0,0,NULL
4609,4,9142,NULL,0,0,NULL
4610,4,9143,NULL,0,0,NULL
4611,4,9144,NULL,0,0,NULL
4612,4,9145,NULL,0,0,NULL
4613,4,9146,NULL,0,0,NULL
4614,4,9147,NULL,0,0,NULL
4615,4,9148,NULL,0,0,NULL
4616,4,9149,NULL,0,0,NULL
4617,4,9150,NULL,0,0,NULL
4618,4,9151,NULL,0,0,NULL
4619,4,9152,NULL,0,0,NULL
4620,4,9153,NULL,0,0,NULL
4621,4,9154,NULL,0,0,NULL
4622,4,9155,NULL,0,0,NULL
4623,4,9156,NULL,0,0,NULL
4624,4,9157,NULL,0,0,NULL
4625,4,9158,NULL,0,0,NULL
4626,4,9159,NULL,0,0,NULL
4627,4,9160,NULL,0,0,NULL
4628,4,9161,NULL,0,0,NULL
4629,4,9162,NULL,0,0,NULL
4630,4,9163,NULL,0,0,NULL
4631,4,9164,NULL,0,0,NULL
4632,4,9165,NULL,0,0,NULL
4633,4,9166,NULL,0,0,NULL
4634,4,9167,NULL,0,0,NULL
4635,4,9168,NULL,0,0,NULL
4636,4,9169,NULL,0,0,NULL
4637,4,9170,NULL,0,0,NULL
4638,4,9171,NULL,0,0,NULL
4639,4,9172,NULL,0,0,NULL
4640,4,9173,NULL,0,0,NULL
4641,4,9174,NULL,0,0,NULL
4642,4,9175,NULL,0,0,NULL
4643,4,9176,NULL,0,0,NULL
4644,4,9177,NULL,0,0,NULL
4645,4,9178,NULL,0,0,NULL
4646,4,9179,NULL,0,0,NULL
4647,4,9180,NULL,0,0,NULL
4648,4,9181,NULL,0,0,NULL
4649,4,9182,NULL,0,0,NULL
4650,4,9183,NULL,0,0,NULL
4651,4,9184,NULL,0,0,NULL
4652,4,9185,NULL,0,0,NULL
4653,4,9186,NULL,0,0,NULL
4654,4,9187,NULL,0,0,NULL
4655,4,9188,NULL,0,0,NULL
4656,4,9189,NULL,0,0,NULL
4657,4,9190,NULL,0,0,NULL
4658,4,9191,NULL,0,0,NULL
4659,4,9192,NULL,0,0,NULL
4660,4,9193,NULL,0,0,NULL
4661,4,9194,NULL,0,0,NULL
4662,4,9195,NULL,0,0,NULL
4663,4,9196,NULL,0,0,NULL
4664,4,9197,NULL,0,0,NULL
4665,4,9198,NULL,0,0,NULL
4666,4,9199,NULL,0,0,NULL
4667,4,9200,NULL,0,0,NULL
4668,4,9201,NULL,0,0,NULL
4669,4,9202,NULL,0,0,NULL
4670,4,9203,NULL,0,0,NULL
4671,4,9204,NULL,0,0,NULL
4672,4,9205,NULL,0,0,NULL
4673,4,9206,NULL,0,0,NULL
4674,4,9207,NULL,0,0,NULL
4675,4,9208,NULL,0,0,NULL
4676,4,9209,NULL,0,0,NULL
4677,4,9210,NULL,0,0,NULL
4678,4,9211,NULL,0,0,NULL
4679,4,9212,NULL,0,0,NULL
4680,4,9213,NULL,0,0,NULL
4681,4,9214,NULL,0,0,NULL
4682,4,9215,NULL,0,0,NULL
4683,4,9216,NULL,0,0,NULL
4684,4,9217,NULL,0,0,NULL
4685,4,9218,NULL,0,0,NULL
4686,4,9219,NULL,0,0,NULL
4687,4,9220,NULL,0,0,NULL
4688,4,9221,NULL,0,0,NULL
4689,4,9222,NULL,0,0,NULL
4690,4,9223,NULL,0,0,NULL
4691,4,9224,NULL,0,0,NULL
4692,4,9225,NULL,0,0,NULL
4693,4,9226,NULL,0,0,NULL
4694,4,9227,NULL,0,0,NULL
4695,4,9228,NULL,0,0,NULL
4696,4,9229,NULL,0,0,NULL
4697,4,9230,NULL,0,0,NULL
4698,4,9231,NULL,0,0,NULL
4699,4,9232,NULL,0,0,NULL
4700,4,9233,NULL,0,0,NULL
4701,4,9234,NULL,0,0,NULL
4702,4,9235,NULL,0,0,NULL
4703,4,9236,NULL,0,0,NULL
4704,4,9237,NULL,0,0,NULL
4705,4,9238,NULL,0,0,NULL
4706,4,9239,NULL,0,0,NULL
4707,4,9240,NULL,0,0,NULL
4708,4,9241,NULL,0,0,NULL
4709,4,9242,NULL,0,0,NULL
4710,4,9243,NULL,0,0,NULL
4711,4,9244,NULL,0,0,NULL
4712,4,9245,NULL,0,0,NULL
4713,4,9246,NULL,0,0,NULL
4714,4,9247,NULL,0,0,NULL
4715,4,9248,NULL,0,0,NULL
4716,4,9249,NULL,0,0,NULL
4717,4,9250,NULL,0,0,NULL
4718,4,9251,NULL,0,0,NULL
4719,4,9252,NULL,0,0,NULL
4720,4,9253,NULL,0,0,NULL
4721,4,9254,NULL,0,0,NULL
4722,4,9255,NULL,0,0,NULL
4723,4,9256,NULL,0,0,NULL
4724,4,9257,NULL,0,0,NULL
4725,4,9258,NULL,0,0,NULL
4726,4,9259,NULL,0,0,NULL
4727,4,9260,NULL,0,0,NULL
4728,4,9261,NULL,0,0,NULL
4729,4,9262,NULL,0,0,NULL
4730,4,9263,NULL,0,0,NULL
4731,4,9264,NULL,0,0,NULL
4732,4,9265,NULL,0,0,NULL
4733,4,9266,NULL,0,0,NULL
4734,4,9267,NULL,0,0,NULL
4735,4,9268,NULL,0,0,NULL
4736,4,9269,NULL,0,0,NULL
4737,4,9270,NULL,0,0,NULL
4738,4,9271,NULL,0,0,NULL
4739,4,9272,NULL,0,0,NULL
4740,4,9273,NULL,0,0,NULL
4741,4,9274,NULL,0,0,NULL
4742,4,9275,NULL,0,0,NULL
4743,4,9276,NULL,0,0,NULL
4744,4,9277,NULL,0,0,NULL
4745,4,9278,NULL,0,0,NULL
4746,4,9279,NULL,0,0,NULL
4747,4,9280,NULL,0,0,NULL
4748,4,9281,NULL,0,0,NULL
4749,4,9282,NULL,0,0,NULL
4750,4,9283,NULL,0,0,NULL
4751,4,9284,NULL,0,0,NULL
4752,4,9285,NULL,0,0,NULL
4753,4,9286,NULL,0,0,NULL
4754,4,9287,NULL,0,0,NULL
4755,4,9288,NULL,0,0,NULL
4756,4,9289,NULL,0,0,NULL
4757,4,9290,NULL,0,0,NULL
4758,4,9291,NULL,0,0,NULL
4759,4,9292,NULL,0,0,NULL
4760,4,9293,NULL,0,0,NULL
4761,4,9294,NULL,0,0,NULL
4762,4,9295,NULL,0,0,NULL
4763,4,9296,NULL,0,0,NULL
4764,4,9297,NULL,0,0,NULL
4765,4,9298,NULL,0,0,NULL
4766,4,9299,NULL,0,0,NULL
4767,4,9300,NULL,0,0,NULL
4768,4,9301,NULL,0,0,NULL
4769,4,9302,NULL,0,0,NULL
4770,4,9303,NULL,0,0,NULL
4771,4,9304,NULL,0,0,NULL
4772,4,9305,NULL,0,0,NULL
4773,4,9306,NULL,0,0,NULL
4774,4,9307,NULL,0,0,NULL
4775,4,9308,NULL,0,0,NULL
4776,4,9309,NULL,0,0,NULL
4777,4,9310,NULL,0,0,NULL
4778,4,9311,NULL,0,0,NULL
4779,4,9312,NULL,0,0,NULL
4780,4,9313,NULL,0,0,NULL
4781,4,9314,NULL,0,0,NULL
4782,4,9315,NULL,0,0,NULL
4783,4,9316,NULL,0,0,NULL
4784,4,9317,NULL,0,0,NULL
4785,4,9318,NULL,0,0,NULL
4786,4,9319,NULL,0,0,NULL
4787,4,9320,NULL,0,0,NULL
4788,4,9321,NULL,0,0,NULL
4789,4,9322,NULL,0,0,NULL
4790,4,9323,NULL,0,0,NULL
4791,4,9324,NULL,0,0,NULL
4792,4,9325,NULL,0,0,NULL
4793,4,9326,NULL,0,0,NULL
4794,4,9327,NULL,0,0,NULL
4795,4,9328,NULL,0,0,NULL
4796,4,9329,NULL,0,0,NULL
4797,4,9330,NULL,0,0,NULL
4798,4,9331,NULL,0,0,NULL
4799,4,9332,NULL,0,0,NULL
4800,4,9333,NULL,0,0,NULL
4801,4,9334,NULL,0,0,NULL
4802,4,9335,NULL,0,0,NULL
4803,4,9336,NULL,0,0,NULL
4804,4,9337,NULL,0,0,NULL
4805,4,9338,NULL,0,0,NULL
4806,4,9339,NULL,0,0,NULL
4807,4,9340,NULL,0,0,NULL
4808,4,9341,NULL,0,0,NULL
4809,4,9342,NULL,0,0,NULL
4810,4,9343,NULL,0,0,NULL
4811,4,9344,NULL,0,0,NULL
4812,4,9345,NULL,0,0,NULL
4813,4,9346,NULL,0,0,NULL
4814,4,9347,NULL,0,0,NULL
4815,4,9348,NULL,0,0,NULL
4816,4,9349,NULL,0,0,NULL
4817,4,9350,NULL,0,0,NULL
4818,4,9351,NULL,0,0,NULL
4819,4,9352,NULL,0,0,NULL
4820,4,9353,NULL,0,0,NULL
4821,4,9354,NULL,0,0,NULL
4822,4,9355,NULL,0,0,NULL
4823,4,9356,NULL,0,0,NULL
4824,4,9357,NULL,0,0,NULL
4825,4,9358,NULL,0,0,NULL
4826,4,9359,NULL,0,0,NULL
4827,4,9360,NULL,0,0,NULL
4828,4,9361,NULL,0,0,NULL
4829,4,9362,NULL,0,0,NULL
4830,4,9363,NULL,0,0,NULL
4831,4,9364,NULL,0,0,NULL
4832,4,9365,NULL,0,0,NULL
4833,4,9366,NULL,0,0,NULL
4834,4,9367,NULL,0,0,NULL
4835,4,9368,NULL,0,0,NULL
4836,4,9369,NULL,0,0,NULL
4837,4,9370,NULL,0,0,NULL
4838,4,9371,NULL,0,0,NULL
4839,4,9372,NULL,0,0,NULL
4840,4,9373,NULL,0,0,NULL
4841,4,9374,NULL,0,0,NULL
4842,4,9375,NULL,0,0,NULL
4843,4,9376,NULL,0,0,NULL
4844,4,9377,NULL,0,0,NULL
4845,4,9378,NULL,0,0,NULL
4846,4,9379,NULL,0,0,NULL
4847,4,9380,NULL,0,0,NULL
4848,4,9381,NULL,0,0,NULL
4849,4,9382,NULL,0,0,NULL
4850,4,9383,NULL,0,0,NULL
4851,4,9384,NULL,0,0,NULL
4852,4,9385,NULL,0,0,NULL
4853,4,9386,NULL,0,0,NULL
4854,4,9387,NULL,0,0,NULL
4855,4,9388,NULL,0,0,NULL
4856,4,9389,NULL,0,0,NULL
4857,4,9390,NULL,0,0,NULL
4858,4,9391,NULL,0,0,NULL
4859,4,9392,NULL,0,0,NULL
4860,4,9393,NULL,0,0,NULL
4861,4,9394,NULL,0,0,NULL
4862,4,9395,NULL,0,0,NULL
4863,4,9396,NULL,0,0,NULL
4864,4,9397,NULL,0,0,NULL
4865,4,9398,NULL,0,0,NULL
4866,4,9399,NULL,0,0,NULL
4867,4,9400,NULL,0,0,NULL
4868,4,9401,NULL,0,0,NULL
4869,4,9402,NULL,0,0,NULL
4870,4,9403,NULL,0,0,NULL
4871,4,9404,NULL,0,0,NULL
4872,4,9405,NULL,0,0,NULL
4873,4,9406,NULL,0,0,NULL
4874,4,9407,NULL,0,0,NULL
4875,4,9408,NULL,0,0,NULL
